t_s,n_m,e_m,alt_m,yaw_deg
0.0,-0.001,-0.002,-0.248,0.09
0.10900000017136335,-0.001,-0.002,-0.248,0.09
0.2029999999795109,-0.001,-0.002,-0.248,0.09
0.40600000019185245,-0.001,-0.002,-0.248,0.09
0.5160000000614673,-0.001,-0.002,-0.248,0.09
0.6090000001713634,-0.001,-0.002,-0.248,0.09
0.7340000001713634,-0.001,-0.002,-0.248,0.1
0.8440000000409782,-0.001,-0.002,-0.248,0.09
1.047000000020489,-0.001,-0.002,-0.248,0.1
1.1410000000614673,-0.001,-0.002,-0.248,0.1
1.25,-0.001,-0.002,-0.248,0.1
1.3440000000409782,-0.001,-0.002,-0.248,0.1
1.452999999979511,-0.001,-0.002,-0.248,0.1
1.6560000001918525,-0.001,-0.002,-0.248,0.1
1.75,-0.001,-0.002,-0.248,0.1
1.8590000001713634,-0.001,-0.002,-0.248,0.1
1.9840000001713634,-0.001,-0.002,-0.248,0.1
2.1880000000819564,-0.001,-0.002,-0.248,0.1
2.2810000001918525,-0.001,-0.002,-0.248,0.1
2.375,-0.001,-0.002,-0.248,0.1
2.4840000001713634,-0.001,-0.002,-0.248,0.1
2.577999999979511,-0.001,-0.002,-0.248,0.1
2.7810000001918525,-0.001,-0.002,-0.248,0.11
2.8910000000614673,-0.001,-0.002,-0.248,0.1
2.9840000001713634,-0.001,-0.002,-0.244,0.07
3.1090000001713634,-0.001,-0.004,-0.237,0.07
3.3130000000819564,-0.001,-0.005,-0.229,0.06
3.4380000000819564,-0.001,-0.007,-0.218,0.08
3.547000000020489,-0.001,-0.01,-0.205,0.09
3.672000000020489,-0.001,-0.012,-0.189,0.12
3.7810000001918525,-0.001,-0.014,-0.172,0.11
3.9060000001918525,-0.001,-0.017,-0.152,0.13
4.016000000061467,-0.001,-0.019,-0.131,0.09
4.125,-0.001,-0.022,-0.107,0.09
4.25,-0.001,-0.025,-0.08,0.05
4.359000000171363,-0.001,-0.028,-0.052,0.07
4.577999999979511,-0.001,-0.031,-0.022,0.05
4.688000000081956,-0.001,-0.034,0.011,0.09
4.813000000081956,-0.001,-0.037,0.046,0.08
4.922000000020489,-0.001,-0.04,0.083,0.12
5.0310000001918525,-0.001,-0.043,0.122,0.1
5.1560000001918525,-0.001,-0.046,0.164,0.12
5.266000000061467,-0.001,-0.049,0.207,0.08
5.375,-0.001,-0.052,0.253,0.09
5.5,-0.001,-0.055,0.301,0.05
5.609000000171363,-0.001,-0.058,0.351,0.08
5.719000000040978,-0.001,-0.061,0.403,0.06
5.844000000040978,-0.0,-0.064,0.457,0.1
5.952999999979511,-0.0,-0.067,0.513,0.09
6.063000000081956,-0.0,-0.07,0.572,0.12
6.188000000081956,-0.0,-0.072,0.633,0.08
6.391000000061467,-0.0,-0.075,0.695,0.1
6.484000000171363,-0.0,-0.078,0.76,0.07
6.594000000040978,-0.0,-0.081,0.827,0.1
6.702999999979511,-0.0,-0.084,0.896,0.09
6.813000000081956,-0.0,-0.087,0.967,0.13
6.938000000081956,-0.0,-0.089,1.04,0.13
7.047000000020489,-0.0,-0.092,1.115,0.15
7.1560000001918525,-0.0,-0.095,1.193,0.13
7.359000000171363,-0.0,-0.098,1.272,0.14
7.469000000040978,-0.0,-0.1,1.353,0.11
7.577999999979511,0.0,-0.103,1.436,0.12
7.688000000081956,-0.0,-0.105,1.521,0.1
7.797000000020489,0.0,-0.108,1.609,0.11
8.016000000061467,-0.0,-0.111,1.698,0.09
8.125,0.0,-0.113,1.789,0.1
8.25,-0.0,-0.116,1.882,0.12
8.469000000040978,0.0,-0.118,1.977,0.14
8.577999999979511,-0.0,-0.121,2.073,0.14
8.781000000191852,-0.0,-0.123,2.172,0.14
8.891000000061467,-0.0,-0.126,2.272,0.12
9.016000000061467,-0.0,-0.128,2.375,0.11
9.219000000040978,-0.0,-0.13,2.479,0.11
9.344000000040978,-0.0,-0.133,2.585,0.09
9.547000000020489,-0.0,-0.135,2.692,0.1
9.656000000191852,-0.0,-0.138,2.802,0.1
9.781000000191852,-0.0,-0.14,2.913,0.12
9.984000000171363,-0.0,-0.142,3.026,0.12
10.188000000081956,-0.001,-0.145,3.141,0.14
10.391000000061467,-0.0,-0.147,3.257,0.11
10.484000000171363,-0.001,-0.149,3.375,0.12
10.688000000081956,-0.001,-0.151,3.495,0.1
10.906000000191852,-0.001,-0.153,3.617,0.11
11.031000000191852,-0.001,-0.156,3.74,0.09
11.141000000061467,-0.001,-0.158,3.864,0.11
11.359000000171363,-0.001,-0.16,3.99,0.1
11.469000000040978,-0.001,-0.162,4.118,0.15
11.594000000040978,-0.001,-0.164,4.247,0.14
11.702999999979511,-0.001,-0.166,4.377,0.17
11.827999999979511,-0.001,-0.168,4.509,0.14
11.952999999979511,-0.001,-0.17,4.642,0.14
12.172000000020489,-0.001,-0.172,4.777,0.1
12.297000000020489,-0.001,-0.174,4.914,0.12
12.406000000191852,-0.002,-0.176,5.051,0.09
12.625,-0.002,-0.178,5.19,0.12
12.734000000171363,-0.002,-0.18,5.331,0.1
12.859000000171363,-0.002,-0.182,5.472,0.14
13.077999999979511,-0.002,-0.184,5.615,0.12
13.188000000081956,-0.002,-0.186,5.76,0.15
13.297000000020489,-0.002,-0.188,5.905,0.12
13.516000000061467,-0.002,-0.19,6.052,0.13
13.641000000061467,-0.002,-0.192,6.2,0.1
13.844000000040978,-0.002,-0.193,6.349,0.12
13.969000000040978,-0.003,-0.195,6.499,0.09
14.188000000081956,-0.003,-0.197,6.65,0.12
14.297000000020489,-0.003,-0.198,6.726,0.1
14.422000000020489,-0.003,-0.2,6.879,0.12
14.625,-0.003,-0.201,7.033,0.12
14.75,-0.003,-0.203,7.187,0.14
14.969000000040978,-0.003,-0.205,7.343,0.12
15.172000000020489,-0.003,-0.206,7.5,0.13
15.281000000191852,-0.004,-0.208,7.657,0.1
15.484000000171363,-0.004,-0.21,7.816,0.12
15.609000000171363,-0.004,-0.211,7.975,0.1
15.813000000081956,-0.004,-0.213,8.135,0.13
16.016000000061467,-0.004,-0.214,8.296,0.11
16.125,-0.004,-0.216,8.458,0.13
16.344000000040978,-0.004,-0.218,8.62,0.1
16.563000000081956,-0.005,-0.219,8.784,0.12
16.766000000061467,-0.005,-0.221,8.947,0.1
16.875,-0.005,-0.222,9.112,0.16
17.07799999997951,-0.005,-0.224,9.277,0.15
17.281000000191852,-0.005,-0.225,9.443,0.19
17.391000000061467,-0.005,-0.226,9.609,0.15
17.594000000040978,-0.005,-0.228,9.776,0.15
17.719000000040978,-0.006,-0.229,9.944,0.12
17.938000000081956,-0.006,-0.231,10.113,0.15
18.04700000002049,-0.006,-0.232,10.282,0.15
18.156000000191852,-0.006,-0.233,10.451,0.21
18.266000000061467,-0.006,-0.235,10.707,0.24
18.391000000061467,-0.007,-0.237,10.964,0.23
18.5,-0.007,-0.239,11.223,0.22
18.70299999997951,-0.007,-0.241,11.483,0.22
18.813000000081956,-0.008,-0.243,11.745,0.2
18.92200000002049,-0.008,-0.245,12.008,0.17
19.031000000191852,-0.008,-0.246,12.272,0.16
19.234000000171363,-0.009,-0.249,12.627,0.15
19.359000000171363,-0.009,-0.251,12.985,0.14
19.469000000040978,-0.009,-0.253,13.254,0.15
19.594000000040978,-0.01,-0.255,13.616,0.15
19.719000000040978,-0.01,-0.256,13.89,0.17
19.82799999997951,-0.01,-0.257,14.073,0.16
19.938000000081956,-0.011,-0.259,14.348,0.19
20.04700000002049,-0.011,-0.26,14.625,0.23
20.17200000002049,-0.011,-0.262,14.997,0.25
20.281000000191852,-0.012,-0.264,15.277,0.38
20.406000000191852,-0.012,-0.265,15.557,1.98
20.516000000061467,-0.012,-0.266,15.837,5.64
20.625,-0.012,-0.268,16.211,13.34
20.734000000171363,-0.011,-0.27,16.49,20.25
20.844000000040978,-0.011,-0.272,16.767,26.93
21.04700000002049,-0.01,-0.273,17.135,34.3
21.156000000191852,-0.01,-0.274,17.318,37.08
21.266000000061467,-0.01,-0.275,17.501,39.03
21.375,-0.01,-0.275,17.685,40.01
21.57799999997951,-0.01,-0.275,17.868,40.09
21.70299999997951,-0.01,-0.275,18.05,39.53
21.813000000081956,-0.01,-0.274,18.231,38.54
21.92200000002049,-0.01,-0.273,18.411,37.29
22.031000000191852,-0.009,-0.272,18.591,36.32
22.141000000061467,-0.008,-0.27,18.77,35.88
22.266000000061467,-0.007,-0.268,18.948,36.34
22.45299999997951,-0.005,-0.266,19.126,37.46
22.563000000081956,-0.003,-0.263,19.303,38.8
22.656000000191852,-0.001,-0.26,19.479,39.99
22.766000000061467,0.002,-0.256,19.653,40.79
22.984000000171363,0.006,-0.252,19.827,41.03
23.094000000040978,0.011,-0.246,19.999,40.84
23.219000000040978,0.016,-0.239,20.17,40.3
23.32799999997951,0.023,-0.232,20.339,39.79
23.438000000081956,0.03,-0.223,20.507,39.49
23.563000000081956,0.038,-0.213,20.674,39.65
23.67200000002049,0.047,-0.202,20.839,40.13
23.781000000191852,0.056,-0.191,21.003,40.87
23.906000000191852,0.07,-0.174,21.247,41.76
24.125,0.084,-0.157,21.487,42.12
24.234000000171363,0.099,-0.139,21.724,41.96
24.359000000171363,0.114,-0.12,21.958,41.54
24.469000000040978,0.129,-0.1,22.188,41.18
24.67200000002049,0.146,-0.08,22.414,41.24
24.79700000002049,0.163,-0.059,22.637,41.67
24.906000000191852,0.182,-0.037,22.855,42.18
25.031000000191852,0.2,-0.015,23.07,42.43
25.141000000061467,0.219,0.007,23.28,42.38
25.344000000040978,0.238,0.03,23.487,42.17
25.438000000081956,0.257,0.053,23.689,41.93
25.54700000002049,0.27,0.069,23.822,41.8
25.656000000191852,0.284,0.085,23.952,41.78
25.766000000061467,0.297,0.101,24.081,41.81
25.969000000040978,0.311,0.118,24.208,41.94
26.07799999997951,0.325,0.134,24.332,42.09
26.188000000081956,0.339,0.151,24.455,42.29
26.313000000081956,0.353,0.168,24.575,42.45
26.42200000002049,0.368,0.185,24.694,42.6
26.625,0.382,0.202,24.81,42.68
26.719000000040978,0.397,0.219,24.924,42.72
26.82799999997951,0.411,0.236,25.036,42.69
27.04700000002049,0.426,0.254,25.146,42.64
27.156000000191852,0.441,0.272,25.254,42.58
27.266000000061467,0.456,0.289,25.359,42.54
27.375,0.472,0.307,25.462,42.52
27.484000000171363,0.487,0.325,25.563,42.55
27.609000000171363,0.502,0.343,25.662,42.63
27.813000000081956,0.518,0.362,25.758,42.72
27.92200000002049,0.534,0.38,25.853,42.85
28.031000000191852,0.55,0.398,25.944,42.95
28.156000000191852,0.566,0.417,26.034,43.04
28.266000000061467,0.59,0.445,26.164,43.09
28.375,0.614,0.473,26.288,43.1
28.484000000171363,0.639,0.502,26.407,43.1
28.609000000171363,0.663,0.531,26.521,43.08
28.719000000040978,0.696,0.569,26.664,43.07
28.82799999997951,0.722,0.598,26.765,43.05
28.95299999997951,0.747,0.628,26.861,43.06
29.063000000081956,0.773,0.657,26.951,43.12
29.17200000002049,0.798,0.687,27.035,43.18
29.29700000002049,0.824,0.717,27.114,43.23
29.406000000191852,0.85,0.746,27.187,43.28
29.516000000061467,0.877,0.776,27.255,43.35
29.609000000171363,0.903,0.807,27.317,43.4
29.719000000040978,0.929,0.837,27.373,43.41
29.82799999997951,0.956,0.867,27.423,43.4
30.156000000191852,1.001,0.918,27.494,43.43
30.266000000061467,1.028,0.949,27.529,43.42
30.375,1.046,0.97,27.549,43.47
30.5,1.064,0.99,27.567,43.47
30.719000000040978,1.082,1.011,27.582,43.53
30.82799999997951,1.1,1.032,27.594,43.54
31.031000000191852,1.119,1.052,27.604,43.6
31.156000000191852,1.137,1.073,27.611,43.59
31.359000000171363,1.155,1.094,27.616,43.63
31.563000000081956,1.174,1.115,27.617,43.61
31.67200000002049,1.192,1.135,27.617,43.64
31.875,1.211,1.156,27.614,43.63
32.0,1.229,1.177,27.608,43.67
32.10900000017136,1.248,1.198,27.599,43.68
32.21900000004098,1.266,1.219,27.586,43.73
32.438000000081956,1.294,1.25,27.56,43.81
32.54700000002049,1.322,1.282,27.529,43.84
32.67200000002049,1.35,1.313,27.492,43.88
32.78100000019185,1.379,1.345,27.449,43.92
32.89100000006147,1.408,1.377,27.4,43.94
33.01600000006147,1.437,1.41,27.345,43.95
33.10900000017136,1.437,1.41,27.345,43.95
33.20299999997951,1.467,1.444,27.284,43.96
33.32799999997951,1.497,1.477,27.218,44.01
33.438000000081956,1.528,1.511,27.146,44.08
33.563000000081956,1.558,1.545,27.068,44.11
33.67200000002049,1.589,1.579,26.984,44.12
33.78100000019185,1.619,1.612,26.895,44.15
33.90600000019185,1.639,1.635,26.832,44.17
34.03100000019185,1.67,1.668,26.733,44.16
34.25,1.7,1.702,26.629,44.16
34.35900000017136,1.731,1.735,26.519,44.16
34.48400000017136,1.761,1.769,26.403,44.14
34.60900000017136,1.781,1.791,26.323,44.11
34.73400000017136,1.812,1.825,26.198,44.12
34.85900000017136,1.842,1.858,26.068,44.12
34.98400000017136,1.862,1.881,25.978,44.09
35.10900000017136,1.882,1.903,25.885,44.13
35.21900000004098,1.903,1.925,25.791,44.11
35.313000000081956,1.933,1.958,25.644,44.14
35.64100000006147,1.983,2.014,25.388,44.13
35.73400000017136,2.004,2.036,25.281,44.16
35.875,2.034,2.069,25.117,44.13
36.0,2.064,2.102,24.948,44.12
36.125,2.084,2.124,24.832,44.16
36.23400000017136,2.105,2.146,24.714,44.14
36.34400000004098,2.125,2.168,24.593,44.19
36.46900000004098,2.155,2.201,24.408,44.2
36.59400000004098,2.175,2.223,24.282,44.19
36.71900000004098,2.205,2.256,24.089,44.22
36.84400000004098,2.225,2.278,23.957,44.19
36.96900000004098,2.255,2.31,23.756,44.19
37.09400000004098,2.275,2.332,23.619,44.21
37.21900000004098,2.305,2.365,23.41,44.2
37.34400000004098,2.326,2.387,23.267,44.23
37.46900000004098,2.346,2.409,23.123,44.23
37.57799999997951,2.376,2.441,22.903,44.25
37.813000000081956,2.406,2.473,22.678,44.3
37.92200000002049,2.426,2.495,22.526,44.31
38.03100000019185,2.446,2.517,22.371,44.32
38.14100000006147,2.465,2.538,22.215,44.32
38.25,2.485,2.56,22.057,44.32
38.35900000017136,2.505,2.582,21.896,44.31
38.48400000017136,2.525,2.603,21.734,44.3
38.57799999997951,2.555,2.635,21.488,44.31
38.688000000081956,2.575,2.657,21.321,44.28
38.79700000002049,2.605,2.689,21.067,44.3
38.92200000002049,2.635,2.721,20.81,44.34
39.14100000006147,2.664,2.753,20.548,44.36
39.25,2.694,2.785,20.282,44.38
39.375,2.724,2.817,20.013,44.4
39.57799999997951,2.754,2.849,19.74,44.43
39.67200000002049,2.783,2.88,19.463,44.42
39.79700000002049,2.813,2.912,19.182,44.39
39.92200000002049,2.842,2.944,18.898,44.39
40.125,2.872,2.976,18.61,44.44
40.25,2.901,3.007,18.32,44.47
40.35900000017136,2.931,3.039,18.025,44.48
40.48400000017136,2.96,3.07,17.728,44.48
40.59400000004098,2.989,3.102,17.427,44.51
40.71900000004098,3.019,3.133,17.124,44.52
40.82799999997951,3.048,3.165,16.818,44.5
41.063000000081956,3.077,3.196,16.508,44.49
41.17200000002049,3.107,3.228,16.197,44.51
41.28100000019185,3.136,3.259,15.883,44.53
41.40600000019185,3.165,3.29,15.566,44.52
41.75,3.214,3.342,15.034,44.56
41.875,3.233,3.363,14.819,44.55
41.98400000017136,3.253,3.384,14.604,44.58
42.10900000017136,3.272,3.405,14.388,44.56
42.313000000081956,3.292,3.426,14.171,44.59
42.42200000002049,3.311,3.447,13.953,44.56
42.563000000081956,3.33,3.467,13.728,44.6
42.688000000081956,3.349,3.488,13.493,44.65
42.813000000081956,3.368,3.508,13.248,44.69
42.938000000081956,3.386,3.528,12.993,44.73
43.063000000081956,3.405,3.548,12.728,44.78
43.188000000081956,3.422,3.567,12.453,44.82
43.313000000081956,3.449,3.596,12.021,44.89
43.51600000006147,3.475,3.624,11.567,44.95
43.625,3.5,3.651,11.091,45.02
43.73400000017136,3.525,3.678,10.592,45.08
43.96900000004098,3.549,3.704,10.07,45.15
44.063000000081956,3.572,3.73,9.526,45.21
44.17200000002049,3.595,3.755,8.959,45.28
44.28100000019185,3.61,3.771,8.568,45.33
44.60900000017136,3.647,3.81,7.548,45.44
44.71900000004098,3.668,3.833,6.906,45.5
44.84400000004098,3.681,3.848,6.466,45.55
44.95299999997951,3.701,3.87,5.786,45.61
45.063000000081956,3.721,3.891,5.084,45.68
45.188000000081956,3.74,3.912,4.359,45.74
45.40600000019185,3.758,3.931,3.611,45.81
45.5,3.775,3.95,2.842,45.87
45.60900000017136,3.792,3.969,2.049,45.94
45.71900000004098,3.803,3.981,1.508,45.99
45.938000000081956,3.819,3.998,0.678,46.05
46.04700000002049,3.834,4.014,-0.174,46.12
46.17200000002049,3.823,4.003,-0.22,46.14
46.29700000002049,3.812,3.992,-0.198,46.17
46.42200000002049,3.799,3.98,-0.182,46.22
46.53100000019185,3.787,3.97,-0.167,47.45
46.64100000006147,3.775,3.962,-0.159,49.1
46.76600000006147,3.763,3.955,-0.157,51.27
46.875,3.753,3.95,-0.159,54.04
46.98400000017136,3.745,3.947,-0.163,55.27
47.09400000004098,3.738,3.948,-0.17,55.35
47.20299999997951,3.735,3.949,-0.175,55.6
47.32799999997951,3.737,3.951,-0.178,56.67
47.45299999997951,3.743,3.953,-0.183,57.3
47.57799999997951,3.75,3.958,-0.189,57.42
47.70299999997951,3.759,3.964,-0.198,57.37
47.82799999997951,3.769,3.971,-0.21,57.32
47.95299999997951,3.78,3.978,-0.227,57.27
48.063000000081956,3.786,3.984,-0.238,57.21
48.188000000081956,3.788,3.987,-0.233,57.09
48.313000000081956,3.789,3.988,-0.233,57.01
48.42200000002049,3.788,3.988,-0.235,57.06
48.54700000002049,3.787,3.986,-0.237,57.08
48.65600000019185,3.786,3.983,-0.239,57.11
48.78100000019185,3.786,3.983,-0.239,57.18
48.89100000006147,3.786,3.983,-0.239,57.17
49.0,3.786,3.983,-0.239,57.17
49.09400000004098,3.786,3.983,-0.239,57.17
49.20299999997951,3.786,3.983,-0.239,57.17
49.313000000081956,3.786,3.983,-0.239,57.17
49.51600000006147,3.786,3.983,-0.239,57.17
49.60900000017136,3.786,3.983,-0.239,57.17
49.70299999997951,3.786,3.983,-0.239,57.17
49.813000000081956,3.786,3.983,-0.239,57.17
49.92200000002049,3.786,3.983,-0.239,57.17
50.01600000006147,3.786,3.983,-0.239,57.17
50.125,3.786,3.983,-0.239,57.17
50.23400000017136,3.786,3.983,-0.239,57.17
50.42200000002049,3.786,3.983,-0.239,57.17
50.53100000019185,3.786,3.983,-0.239,57.17
50.625,3.786,3.983,-0.239,57.17
50.73400000017136,3.786,3.983,-0.239,57.17
50.84400000004098,3.786,3.983,-0.239,57.17
50.938000000081956,3.786,3.983,-0.239,57.17
51.14100000006147,3.786,3.983,-0.239,57.17
51.25,3.786,3.983,-0.239,57.17
51.34400000004098,3.786,3.983,-0.239,57.17
51.45299999997951,3.786,3.983,-0.239,57.17
51.54700000002049,3.786,3.983,-0.239,57.17
51.65600000019185,3.786,3.983,-0.239,57.17
51.76600000006147,3.786,3.983,-0.239,57.17
51.96900000004098,3.786,3.983,-0.239,57.17
52.07799999997951,3.786,3.983,-0.239,57.17
52.28100000019185,3.786,3.983,-0.239,57.17
52.48400000017136,3.786,3.983,-0.239,57.17
52.59400000004098,3.786,3.983,-0.239,57.17
52.79700000002049,3.786,3.983,-0.239,57.17
52.90600000019185,3.786,3.983,-0.239,57.17
53.0,3.786,3.983,-0.239,57.17
53.20299999997951,3.786,3.983,-0.239,57.17
53.313000000081956,3.786,3.983,-0.239,57.17
53.40600000019185,3.786,3.983,-0.239,57.17
53.625,3.786,3.983,-0.239,57.17
53.82799999997951,3.786,3.983,-0.239,57.17
53.92200000002049,3.786,3.983,-0.239,57.17
54.03100000019185,3.786,3.983,-0.239,57.17
54.14100000006147,3.786,3.983,-0.239,57.17
54.23400000017136,3.786,3.983,-0.239,57.17
54.34400000004098,3.786,3.983,-0.239,57.17
54.45299999997951,3.786,3.983,-0.239,57.17
54.54700000002049,3.786,3.983,-0.239,57.17
54.65600000019185,3.786,3.983,-0.239,57.17
54.76600000006147,3.786,3.983,-0.239,57.17
54.85900000017136,3.786,3.983,-0.239,57.17
55.063000000081956,3.786,3.983,-0.239,57.17
55.17200000002049,3.786,3.983,-0.239,57.17
55.375,3.786,3.983,-0.239,57.18
55.46900000004098,3.786,3.983,-0.239,57.18
55.57799999997951,3.786,3.983,-0.239,57.18
55.688000000081956,3.786,3.983,-0.239,57.18
55.78100000019185,3.786,3.983,-0.239,57.18
55.89100000006147,3.786,3.983,-0.239,57.18
56.0,3.786,3.983,-0.239,57.18
56.20299999997951,3.786,3.983,-0.239,57.18
56.29700000002049,3.786,3.983,-0.239,57.18
56.40600000019185,3.786,3.983,-0.239,57.18
56.51600000006147,3.786,3.983,-0.239,57.18
56.60900000017136,3.786,3.983,-0.239,57.18
56.813000000081956,3.786,3.983,-0.239,57.18
56.92200000002049,3.786,3.983,-0.239,57.18
57.01600000006147,3.786,3.983,-0.239,57.18
57.125,3.786,3.983,-0.239,57.18
57.21900000004098,3.786,3.983,-0.239,57.18
57.32799999997951,3.786,3.983,-0.239,57.18
57.42200000002049,3.786,3.983,-0.239,57.18
57.53100000019185,3.786,3.983,-0.239,57.18
57.625,3.786,3.983,-0.239,57.18
57.73400000017136,3.786,3.983,-0.239,57.18
57.84400000004098,3.786,3.983,-0.239,57.18
57.938000000081956,3.786,3.983,-0.239,57.18
58.04700000002049,3.786,3.983,-0.239,57.18
58.14100000006147,3.786,3.983,-0.239,57.18
58.34400000004098,3.786,3.983,-0.239,57.18
58.45299999997951,3.786,3.983,-0.239,57.18
58.54700000002049,3.786,3.983,-0.239,57.18
58.65600000019185,3.786,3.983,-0.239,57.18
58.75,3.786,3.983,-0.239,57.18
58.85900000017136,3.786,3.983,-0.239,57.18
58.95299999997951,3.786,3.983,-0.239,57.18
59.063000000081956,3.786,3.983,-0.239,57.18
59.15600000019185,3.786,3.983,-0.239,57.18
59.35900000017136,3.786,3.983,-0.239,57.18
59.46900000004098,3.786,3.983,-0.239,57.18
59.563000000081956,3.786,3.983,-0.239,57.18
59.67200000002049,3.786,3.983,-0.239,57.18
59.76600000006147,3.786,3.983,-0.239,57.18
59.875,3.786,3.983,-0.239,57.18
59.96900000004098,3.786,3.983,-0.239,57.18
60.17200000002049,3.786,3.983,-0.239,57.18
60.28100000019185,3.786,3.983,-0.239,57.18
60.375,3.786,3.983,-0.239,57.18
60.48400000017136,3.786,3.983,-0.239,57.18
60.59400000004098,3.786,3.983,-0.239,57.18
60.79700000002049,3.786,3.983,-0.239,57.18
60.89100000006147,3.786,3.983,-0.239,57.18
60.98400000017136,3.786,3.983,-0.239,57.18
61.09400000004098,3.786,3.983,-0.239,57.18
61.20299999997951,3.786,3.983,-0.239,57.18
61.39100000006147,3.786,3.983,-0.239,57.18
61.5,3.786,3.983,-0.239,57.18
61.59400000004098,3.786,3.983,-0.239,57.18
61.70299999997951,3.786,3.983,-0.239,57.18
61.79700000002049,3.786,3.983,-0.239,57.18
62.0,3.786,3.983,-0.239,57.18
62.10900000017136,3.786,3.983,-0.239,57.18
62.21900000004098,3.786,3.983,-0.239,57.18
62.313000000081956,3.786,3.983,-0.239,57.18
62.51600000006147,3.786,3.983,-0.239,57.18
62.60900000017136,3.786,3.983,-0.239,57.18
62.71900000004098,3.786,3.983,-0.239,57.18
62.92200000002049,3.786,3.983,-0.239,57.18
63.01600000006147,3.786,3.983,-0.239,57.18
63.125,3.786,3.983,-0.239,57.18
63.21900000004098,3.786,3.983,-0.239,57.18
63.42200000002049,3.786,3.983,-0.239,57.18
63.53100000019185,3.786,3.983,-0.239,57.18
63.625,3.786,3.983,-0.239,57.18
63.71900000004098,3.786,3.983,-0.239,57.18
63.92200000002049,3.786,3.983,-0.239,57.18
64.03100000019185,3.786,3.983,-0.239,57.18
64.125,3.786,3.983,-0.239,57.18
64.23400000017136,3.786,3.983,-0.239,57.18
64.32799999997951,3.786,3.983,-0.239,57.18
64.53100000019185,3.786,3.983,-0.239,57.18
64.64100000006147,3.786,3.983,-0.239,57.18
64.73400000017136,3.786,3.983,-0.239,57.18
64.84400000004098,3.786,3.983,-0.239,57.18
64.93800000008196,3.786,3.983,-0.239,57.18
65.14100000006147,3.786,3.983,-0.239,57.18
65.25,3.786,3.983,-0.239,57.18
65.34400000004098,3.786,3.983,-0.239,57.18
65.45299999997951,3.786,3.983,-0.239,57.18
65.54700000002049,3.786,3.983,-0.239,57.18
65.75,3.786,3.983,-0.239,57.18
65.85900000017136,3.786,3.983,-0.239,57.18
65.95299999997951,3.786,3.983,-0.239,57.18
66.06300000008196,3.786,3.983,-0.239,57.18
66.15600000019185,3.786,3.983,-0.239,57.18
66.26600000006147,3.786,3.983,-0.239,57.18
66.46900000004098,3.786,3.983,-0.239,57.18
66.56300000008196,3.786,3.983,-0.239,57.18
66.67200000002049,3.786,3.983,-0.239,57.18
66.76600000006147,3.786,3.983,-0.239,57.18
66.875,3.786,3.983,-0.239,57.18
66.96900000004098,3.786,3.983,-0.239,57.18
67.17200000002049,3.786,3.983,-0.239,57.18
67.26600000006147,3.786,3.983,-0.239,57.18
67.375,3.786,3.983,-0.239,57.18
67.46900000004098,3.786,3.983,-0.239,57.18
67.57799999997951,3.786,3.983,-0.239,57.18
67.78100000019185,3.786,3.983,-0.239,57.18
67.875,3.786,3.983,-0.239,57.18
67.98400000017136,3.786,3.983,-0.239,57.18
68.07799999997951,3.786,3.983,-0.239,57.18
68.18800000008196,3.786,3.983,-0.239,57.18
68.39100000006147,3.786,3.983,-0.239,57.18
68.48400000017136,3.786,3.983,-0.239,57.18
68.59400000004098,3.786,3.983,-0.239,57.18
68.68800000008196,3.786,3.983,-0.239,57.18
68.79700000002049,3.786,3.983,-0.239,57.18
68.90600000019185,3.786,3.983,-0.239,57.18
69.09400000004098,3.786,3.983,-0.239,57.18
69.20299999997951,3.786,3.983,-0.239,57.18
69.29700000002049,3.786,3.983,-0.239,57.18
69.40600000019185,3.786,3.983,-0.239,57.18
69.51600000006147,3.786,3.983,-0.239,57.18
69.60900000017136,3.786,3.983,-0.239,57.18
69.81300000008196,3.786,3.983,-0.239,57.18
69.90600000019185,3.786,3.983,-0.239,57.18
70.01600000006147,3.786,3.983,-0.239,57.18
70.10900000017136,3.786,3.983,-0.239,57.18
70.21900000004098,3.786,3.983,-0.239,57.18
70.31300000008196,3.786,3.983,-0.239,57.18
70.42200000002049,3.786,3.983,-0.239,57.18
70.625,3.786,3.983,-0.239,57.18
70.71900000004098,3.786,3.983,-0.239,57.18
70.82799999997951,3.786,3.983,-0.239,57.18
70.92200000002049,3.786,3.983,-0.239,57.18
71.03100000019185,3.786,3.983,-0.239,57.18
71.14100000006147,3.786,3.983,-0.239,57.18
71.32799999997951,3.786,3.983,-0.239,57.18
71.43800000008196,3.786,3.983,-0.239,57.18
71.53100000019185,3.786,3.983,-0.239,57.18
71.64100000006147,3.786,3.983,-0.239,57.18
71.73400000017136,3.786,3.983,-0.239,57.18
71.84400000004098,3.786,3.983,-0.239,57.18
72.04700000002049,3.786,3.983,-0.239,57.18
72.14100000006147,3.786,3.983,-0.239,57.18
72.25,3.786,3.983,-0.239,57.18
72.35900000017136,3.786,3.983,-0.239,57.18
72.45299999997951,3.786,3.983,-0.239,57.18
72.65600000019185,3.786,3.983,-0.239,57.18
72.76600000006147,3.786,3.983,-0.239,57.18
72.85900000017136,3.786,3.983,-0.239,57.18
72.96900000004098,3.786,3.983,-0.239,57.18
73.17200000002049,3.786,3.983,-0.239,57.18
73.26600000006147,3.786,3.983,-0.239,57.18
73.375,3.786,3.983,-0.239,57.18
73.46900000004098,3.786,3.983,-0.239,57.18
73.57799999997951,3.786,3.983,-0.239,57.18
73.67200000002049,3.786,3.983,-0.239,57.18
73.875,3.786,3.983,-0.239,57.18
73.96900000004098,3.786,3.983,-0.239,57.18
74.07799999997951,3.786,3.983,-0.239,57.18
74.17200000002049,3.786,3.983,-0.239,57.18
74.28100000019185,3.786,3.983,-0.239,57.18
74.39100000006147,3.786,3.983,-0.239,57.18
74.59400000004098,3.786,3.983,-0.239,57.18
74.68800000008196,3.786,3.983,-0.239,57.18
74.78100000019185,3.786,3.983,-0.239,57.18
74.89100000006147,3.786,3.983,-0.239,57.18
74.98400000017136,3.786,3.983,-0.239,57.18
75.09400000004098,3.786,3.983,-0.239,57.18
75.29700000002049,3.786,3.983,-0.239,57.18
75.39100000006147,3.786,3.983,-0.239,57.18
75.5,3.786,3.983,-0.239,57.18
75.59400000004098,3.786,3.983,-0.239,57.18
75.70299999997951,3.786,3.983,-0.239,57.18
75.81300000008196,3.786,3.983,-0.239,57.18
75.90600000019185,3.786,3.983,-0.239,57.18
76.10900000017136,3.786,3.983,-0.239,57.18
76.21900000004098,3.786,3.983,-0.239,57.18
76.31300000008196,3.786,3.983,-0.239,57.18
76.42200000002049,3.786,3.983,-0.239,57.18
76.51600000006147,3.786,3.983,-0.239,57.18
76.625,3.786,3.983,-0.239,57.18
76.71900000004098,3.786,3.983,-0.239,57.18
76.82799999997951,3.786,3.983,-0.239,57.18
77.03100000019185,3.786,3.983,-0.239,57.18
77.125,3.786,3.983,-0.239,57.18
77.23400000017136,3.786,3.983,-0.239,57.18
77.32799999997951,3.786,3.983,-0.239,57.18
77.43800000008196,3.786,3.983,-0.239,57.18
77.54700000002049,3.786,3.983,-0.239,57.18
77.64100000006147,3.786,3.983,-0.239,57.18
77.84400000004098,3.786,3.983,-0.239,57.18
77.93800000008196,3.786,3.983,-0.239,57.18
78.04700000002049,3.786,3.983,-0.239,57.18
78.15600000019185,3.786,3.983,-0.239,57.18
78.25,3.786,3.983,-0.239,57.18
78.35900000017136,3.786,3.983,-0.239,57.18
78.45299999997951,3.786,3.983,-0.239,57.18
78.65600000019185,3.786,3.983,-0.239,57.18
78.76600000006147,3.786,3.983,-0.239,57.18
78.85900000017136,3.786,3.983,-0.239,57.18
78.96900000004098,3.786,3.983,-0.239,57.18
79.06300000008196,3.786,3.983,-0.239,57.18
79.17200000002049,3.786,3.983,-0.239,57.18
79.28100000019185,3.786,3.983,-0.239,57.18
79.39100000006147,3.786,3.983,-0.239,57.18
79.48400000017136,3.786,3.983,-0.239,57.18
79.68800000008196,3.786,3.983,-0.239,57.18
79.79700000002049,3.786,3.983,-0.239,57.18
79.90600000019185,3.786,3.983,-0.239,57.18
80.0,3.786,3.983,-0.239,57.18
80.10900000017136,3.786,3.983,-0.239,57.18
80.20299999997951,3.786,3.983,-0.239,57.18
80.31300000008196,3.786,3.983,-0.239,57.18
80.40600000019185,3.786,3.983,-0.239,57.18
80.51600000006147,3.786,3.983,-0.239,57.18
80.60900000017136,3.786,3.983,-0.239,57.18
80.71900000004098,3.786,3.983,-0.239,57.18
80.81300000008196,3.786,3.983,-0.239,57.18
80.92200000002049,3.786,3.983,-0.239,57.18
81.03100000019185,3.786,3.983,-0.239,57.18
81.21900000004098,3.786,3.983,-0.239,57.18
81.32799999997951,3.786,3.983,-0.239,57.18
81.42200000002049,3.786,3.983,-0.239,57.18
81.53100000019185,3.786,3.983,-0.239,57.18
81.625,3.786,3.983,-0.239,57.18
81.73400000017136,3.786,3.983,-0.239,57.18
81.84400000004098,3.786,3.983,-0.239,57.18
82.04700000002049,3.786,3.983,-0.239,57.18
82.14100000006147,3.786,3.983,-0.239,57.18
82.25,3.786,3.983,-0.239,57.18
82.45299999997951,3.786,3.983,-0.239,57.18
82.54700000002049,3.786,3.983,-0.239,57.18
82.65600000019185,3.786,3.983,-0.239,57.18
82.76600000006147,3.786,3.983,-0.239,57.18
82.85900000017136,3.786,3.983,-0.239,57.18
82.96900000004098,3.786,3.983,-0.239,57.18
83.17200000002049,3.786,3.983,-0.239,57.18
83.26600000006147,3.786,3.983,-0.239,57.18
83.375,3.786,3.983,-0.239,57.18
83.46900000004098,3.786,3.983,-0.239,57.18
83.57799999997951,3.786,3.983,-0.239,57.18
83.68800000008196,3.786,3.983,-0.239,57.18
83.89100000006147,3.786,3.983,-0.239,57.18
83.98400000017136,3.786,3.983,-0.239,57.18
84.07799999997951,3.786,3.983,-0.239,57.18
84.18800000008196,3.786,3.983,-0.239,57.18
84.29700000002049,3.786,3.983,-0.239,57.18
84.39100000006147,3.786,3.983,-0.239,57.18
84.5,3.786,3.983,-0.239,57.18
84.70299999997951,3.786,3.983,-0.239,57.18
84.79700000002049,3.786,3.983,-0.239,57.18
84.90600000019185,3.786,3.983,-0.239,57.18
85.0,3.786,3.983,-0.239,57.18
85.10900000017136,3.786,3.983,-0.239,57.18
85.21900000004098,3.786,3.983,-0.239,57.18
85.31300000008196,3.786,3.983,-0.239,57.18
85.51600000006147,3.786,3.983,-0.239,57.18
85.625,3.786,3.983,-0.239,57.18
85.71900000004098,3.786,3.983,-0.239,57.18
85.82799999997951,3.786,3.983,-0.239,57.18
85.92200000002049,3.786,3.983,-0.239,57.18
86.03100000019185,3.786,3.983,-0.239,57.18
86.125,3.786,3.983,-0.239,57.18
86.23400000017136,3.786,3.983,-0.239,57.18
86.43800000008196,3.786,3.983,-0.239,57.18
86.53100000019185,3.786,3.983,-0.239,57.18
86.64100000006147,3.786,3.983,-0.239,57.18
86.75,3.786,3.983,-0.239,57.18
86.84400000004098,3.786,3.983,-0.239,57.18
86.95299999997951,3.786,3.983,-0.239,57.18
87.04700000002049,3.786,3.983,-0.239,57.18
87.15600000019185,3.786,3.983,-0.239,57.18
87.35900000017136,3.786,3.983,-0.239,57.18
87.45299999997951,3.786,3.983,-0.239,57.18
87.56300000008196,3.786,3.983,-0.239,57.18
87.67200000002049,3.786,3.983,-0.239,57.18
87.76600000006147,3.786,3.983,-0.239,57.18
87.875,3.786,3.983,-0.239,57.18
87.96900000004098,3.786,3.983,-0.239,57.18
88.07799999997951,3.786,3.983,-0.239,57.18
88.28100000019185,3.786,3.983,-0.239,57.18
88.375,3.786,3.983,-0.239,57.18
88.48400000017136,3.786,3.983,-0.239,57.18
88.57799999997951,3.786,3.983,-0.239,57.18
88.68800000008196,3.786,3.983,-0.239,57.18
88.78100000019185,3.786,3.983,-0.239,57.18
88.89100000006147,3.786,3.983,-0.239,57.18
89.09400000004098,3.786,3.983,-0.239,57.18
89.18800000008196,3.786,3.983,-0.239,57.18
89.29700000002049,3.786,3.983,-0.239,57.18
89.40600000019185,3.786,3.983,-0.239,57.18
89.5,3.786,3.983,-0.239,57.18
89.60900000017136,3.786,3.983,-0.239,57.18
89.70299999997951,3.786,3.983,-0.239,57.18
89.90600000019185,3.786,3.983,-0.239,57.18
90.01600000006147,3.786,3.983,-0.239,57.18
90.10900000017136,3.786,3.983,-0.239,57.18
90.21900000004098,3.786,3.983,-0.239,57.18
90.32799999997951,3.786,3.983,-0.239,57.18
90.42200000002049,3.786,3.983,-0.239,57.18
90.53100000019185,3.786,3.983,-0.239,57.18
90.73400000017136,3.786,3.983,-0.239,57.18
90.82799999997951,3.786,3.983,-0.239,57.18
90.93800000008196,3.786,3.983,-0.239,57.18
91.04700000002049,3.786,3.983,-0.239,57.18
91.14100000006147,3.786,3.983,-0.239,57.18
91.25,3.786,3.983,-0.239,57.18
91.34400000004098,3.786,3.983,-0.239,57.18
91.54700000002049,3.786,3.983,-0.239,57.18
91.65600000019185,3.786,3.983,-0.239,57.18
91.75,3.786,3.983,-0.239,57.18
91.85900000017136,3.786,3.983,-0.239,57.18
91.96900000004098,3.786,3.983,-0.239,57.18
92.18800000008196,3.786,3.983,-0.239,57.18
92.29700000002049,3.786,3.983,-0.239,57.18
92.48400000017136,3.786,3.983,-0.239,57.18
92.59400000004098,3.786,3.983,-0.239,57.18
92.68800000008196,3.786,3.983,-0.239,57.18
92.79700000002049,3.786,3.983,-0.239,57.18
93.0,3.786,3.983,-0.239,57.18
93.10900000017136,3.786,3.983,-0.239,57.18
93.21900000004098,3.786,3.983,-0.239,57.18
93.40600000019185,3.786,3.983,-0.239,57.18
93.51600000006147,3.786,3.983,-0.239,57.18
93.60900000017136,3.786,3.983,-0.239,57.18
93.71900000004098,3.786,3.983,-0.239,57.18
93.82799999997951,3.786,3.983,-0.239,57.18
93.92200000002049,3.786,3.983,-0.239,57.18
94.03100000019185,3.786,3.983,-0.239,57.18
94.125,3.786,3.983,-0.239,57.18
94.34400000004098,3.786,3.983,-0.239,57.18
94.43800000008196,3.786,3.983,-0.239,57.18
94.54700000002049,3.786,3.983,-0.239,57.18
94.64100000006147,3.786,3.983,-0.239,57.18
94.75,3.786,3.983,-0.239,57.18
94.95299999997951,3.786,3.983,-0.239,57.18
95.06300000008196,3.786,3.983,-0.239,57.18
95.15600000019185,3.786,3.983,-0.239,57.18
95.26600000006147,3.786,3.983,-0.239,57.18
95.35900000017136,3.786,3.983,-0.239,57.18
95.46900000004098,3.786,3.983,-0.239,57.18
95.57799999997951,3.786,3.983,-0.239,57.18
95.67200000002049,3.786,3.983,-0.239,57.18
95.78100000019185,3.786,3.983,-0.239,57.18
95.98400000017136,3.786,3.983,-0.239,57.18
96.07799999997951,3.786,3.983,-0.239,57.18
96.18800000008196,3.786,3.983,-0.239,57.18
96.28100000019185,3.786,3.983,-0.239,57.18
96.39100000006147,3.786,3.983,-0.239,57.18
96.48400000017136,3.786,3.983,-0.239,57.18
96.59400000004098,3.786,3.983,-0.239,57.18
96.70299999997951,3.786,3.983,-0.239,57.18
96.89100000006147,3.786,3.983,-0.239,57.18
97.0,3.786,3.983,-0.239,57.18
97.10900000017136,3.786,3.983,-0.239,57.18
97.20299999997951,3.786,3.983,-0.239,57.18
97.31300000008196,3.786,3.983,-0.239,57.18
97.40600000019185,3.786,3.983,-0.239,57.18
97.51600000006147,3.786,3.983,-0.239,57.18
97.71900000004098,3.786,3.983,-0.239,57.18
97.81300000008196,3.786,3.983,-0.239,57.18
97.92200000002049,3.786,3.983,-0.239,57.18
98.01600000006147,3.786,3.983,-0.239,57.18
98.125,3.786,3.983,-0.239,57.18
98.23400000017136,3.786,3.983,-0.239,57.18
98.32799999997951,3.786,3.983,-0.239,57.18
98.53100000019185,3.786,3.983,-0.239,57.18
98.64100000006147,3.786,3.983,-0.239,57.18
98.73400000017136,3.786,3.983,-0.239,57.18
98.84400000004098,3.786,3.983,-0.239,57.18
98.93800000008196,3.786,3.983,-0.239,57.18
99.04700000002049,3.786,3.983,-0.239,57.18
99.25,3.786,3.983,-0.239,57.18
99.34400000004098,3.786,3.983,-0.239,57.18
99.45299999997951,3.786,3.983,-0.239,57.18
99.54700000002049,3.786,3.983,-0.239,57.18
99.65600000019185,3.786,3.983,-0.239,57.18
99.75,3.786,3.983,-0.239,57.18
99.85900000017136,3.786,3.983,-0.239,57.18
100.06300000008196,3.786,3.983,-0.239,57.18
100.15600000019185,3.786,3.983,-0.239,57.18
100.26600000006147,3.786,3.983,-0.239,57.18
100.35900000017136,3.786,3.983,-0.239,57.18
100.46900000004098,3.786,3.983,-0.239,57.18
100.57799999997951,3.786,3.983,-0.239,57.18
100.67200000002049,3.786,3.983,-0.239,57.18
100.875,3.786,3.983,-0.239,57.18
100.98400000017136,3.786,3.983,-0.239,57.18
101.07799999997951,3.786,3.983,-0.239,57.18
101.18800000008196,3.786,3.983,-0.239,57.18
101.28100000019185,3.786,3.983,-0.239,57.18
101.39100000006147,3.786,3.983,-0.239,57.18
101.59400000004098,3.786,3.983,-0.239,57.18
101.68800000008196,3.786,3.983,-0.239,57.18
101.79700000002049,3.786,3.983,-0.239,57.18
101.89100000006147,3.786,3.983,-0.239,57.18
102.0,3.786,3.983,-0.239,57.18
102.20299999997951,3.786,3.983,-0.239,57.18
102.40600000019185,3.786,3.983,-0.239,57.18
102.5,3.786,3.983,-0.239,57.18
102.60900000017136,3.786,3.983,-0.239,57.18
102.70299999997951,3.786,3.983,-0.239,57.18
102.81300000008196,3.786,3.983,-0.239,57.18
103.01600000006147,3.786,3.983,-0.239,57.18
103.10900000017136,3.786,3.983,-0.239,57.18
103.21900000004098,3.786,3.983,-0.239,57.18
103.31300000008196,3.786,3.983,-0.239,57.18
103.42200000002049,3.786,3.983,-0.239,57.18
103.53100000019185,3.786,3.983,-0.239,57.18
103.625,3.786,3.983,-0.239,57.18
103.82799999997951,3.786,3.983,-0.239,57.18
103.93800000008196,3.786,3.983,-0.239,57.18
104.03100000019185,3.786,3.983,-0.239,57.18
104.14100000006147,3.786,3.983,-0.239,57.18
104.23400000017136,3.786,3.983,-0.239,57.18
104.34400000004098,3.786,3.983,-0.239,57.18
104.45299999997951,3.786,3.983,-0.239,57.18
104.56300000008196,3.786,3.983,-0.239,57.18
104.75,3.786,3.983,-0.239,57.18
104.85900000017136,3.786,3.983,-0.239,57.18
104.96900000004098,3.786,3.983,-0.239,57.18
105.06300000008196,3.786,3.983,-0.239,57.18
105.17200000002049,3.786,3.983,-0.239,57.18
105.375,3.786,3.983,-0.239,57.18
105.48400000017136,3.786,3.983,-0.239,57.18
105.57799999997951,3.786,3.983,-0.239,57.18
105.79700000002049,3.786,3.983,-0.239,57.18
105.89100000006147,3.786,3.983,-0.239,57.18
106.0,3.786,3.983,-0.239,57.18
106.10900000017136,3.786,3.983,-0.239,57.18
106.20299999997951,3.786,3.983,-0.239,57.18
106.40600000019185,3.786,3.983,-0.239,57.18
106.51600000006147,3.786,3.983,-0.239,57.18
106.60900000017136,3.786,3.983,-0.239,57.18
106.70299999997951,3.786,3.983,-0.239,57.18
106.81300000008196,3.786,3.983,-0.239,57.18
107.01600000006147,3.786,3.983,-0.239,57.18
107.125,3.786,3.983,-0.239,57.18
107.21900000004098,3.786,3.983,-0.239,57.18
107.32799999997951,3.786,3.983,-0.239,57.18
107.43800000008196,3.786,3.983,-0.239,57.18
107.53100000019185,3.786,3.983,-0.239,57.18
107.64100000006147,3.786,3.983,-0.239,57.18
107.84400000004098,3.786,3.983,-0.239,57.18
107.93800000008196,3.786,3.983,-0.239,57.18
108.04700000002049,3.786,3.983,-0.239,57.18
108.15600000019185,3.786,3.983,-0.239,57.18
108.25,3.786,3.983,-0.239,57.18
108.35900000017136,3.786,3.983,-0.239,57.18
108.45299999997951,3.786,3.983,-0.239,57.18
108.65600000019185,3.786,3.983,-0.239,57.18
108.76600000006147,3.786,3.983,-0.239,57.18
108.85900000017136,3.786,3.983,-0.239,57.18
108.96900000004098,3.786,3.983,-0.239,57.18
109.07799999997951,3.786,3.983,-0.239,57.18
109.17200000002049,3.786,3.983,-0.239,57.18
109.28100000019185,3.786,3.983,-0.239,57.18
109.48400000017136,3.786,3.983,-0.239,57.18
109.57799999997951,3.786,3.983,-0.239,57.18
109.68800000008196,3.786,3.983,-0.239,57.18
109.79700000002049,3.786,3.983,-0.239,57.18
109.89100000006147,3.786,3.983,-0.239,57.18
110.0,3.786,3.983,-0.239,57.18
110.09400000004098,3.786,3.983,-0.239,57.18
110.29700000002049,3.786,3.983,-0.239,57.18
110.40600000019185,3.786,3.983,-0.239,57.18
110.5,3.786,3.983,-0.239,57.18
110.60900000017136,3.786,3.983,-0.239,57.18
110.71900000004098,3.786,3.983,-0.239,57.18
110.81300000008196,3.786,3.983,-0.239,57.18
110.92200000002049,3.786,3.983,-0.239,57.18
111.125,3.786,3.983,-0.239,57.18
111.23400000017136,3.786,3.983,-0.239,57.18
111.34400000004098,3.786,3.983,-0.239,57.18
111.43800000008196,3.786,3.983,-0.239,57.18
111.54700000002049,3.786,3.983,-0.239,57.18
111.64100000006147,3.786,3.983,-0.239,57.18
111.75,3.786,3.983,-0.239,57.18
111.95299999997951,3.786,3.983,-0.239,57.18
112.06300000008196,3.786,3.983,-0.239,57.18
112.18800000008196,3.786,3.983,-0.239,57.18
112.28100000019185,3.786,3.983,-0.239,57.18
112.48400000017136,3.786,3.983,-0.239,57.18
112.59400000004098,3.786,3.983,-0.239,57.18
112.70299999997951,3.786,3.983,-0.239,57.18
112.79700000002049,3.786,3.983,-0.239,57.18
113.0,3.786,3.983,-0.239,57.18
113.10900000017136,3.786,3.983,-0.239,57.18
113.20299999997951,3.786,3.983,-0.239,57.18
113.31300000008196,3.786,3.983,-0.239,57.18
113.42200000002049,3.786,3.983,-0.239,57.18
113.51600000006147,3.786,3.983,-0.239,57.18
113.71900000004098,3.786,3.983,-0.239,57.18
113.82799999997951,3.786,3.983,-0.239,57.18
113.93800000008196,3.786,3.983,-0.239,57.18
114.14100000006147,3.786,3.983,-0.239,57.18
114.23400000017136,3.786,3.983,-0.239,57.18
114.43800000008196,3.786,3.983,-0.239,57.18
114.54700000002049,3.786,3.983,-0.239,57.18
114.64100000006147,3.786,3.983,-0.239,57.18
114.84400000004098,3.786,3.983,-0.239,57.18
114.95299999997951,3.786,3.983,-0.239,57.18
115.04700000002049,3.786,3.983,-0.239,57.18
115.15600000019185,3.786,3.983,-0.239,57.18
115.26600000006147,3.786,3.983,-0.239,57.18
115.35900000017136,3.786,3.983,-0.239,57.18
115.46900000004098,3.786,3.983,-0.239,57.18
115.56300000008196,3.786,3.983,-0.239,57.18
115.76600000006147,3.786,3.983,-0.239,57.18
115.875,3.786,3.983,-0.239,57.18
115.96900000004098,3.786,3.983,-0.239,57.18
116.07799999997951,3.786,3.983,-0.239,57.18
116.17200000002049,3.786,3.983,-0.239,57.18
116.28100000019185,3.786,3.983,-0.239,57.18
116.39100000006147,3.786,3.983,-0.239,57.18
116.48400000017136,3.786,3.983,-0.239,57.18
116.59400000004098,3.786,3.983,-0.239,57.18
116.79700000002049,3.786,3.983,-0.239,57.18
116.89100000006147,3.786,3.983,-0.239,57.18
117.0,3.786,3.983,-0.239,57.18
117.09400000004098,3.786,3.983,-0.239,57.18
117.20299999997951,3.786,3.983,-0.239,57.18
117.29700000002049,3.786,3.983,-0.239,57.18
117.40600000019185,3.786,3.983,-0.239,57.18
117.5,3.786,3.983,-0.239,57.18
117.70299999997951,3.786,3.983,-0.239,57.18
117.81300000008196,3.786,3.983,-0.239,57.18
117.90600000019185,3.786,3.983,-0.239,57.18
118.01600000006147,3.786,3.983,-0.239,57.18
118.10900000017136,3.786,3.983,-0.239,57.18
118.21900000004098,3.786,3.983,-0.239,57.18
118.31300000008196,3.786,3.983,-0.239,57.18
118.42200000002049,3.786,3.983,-0.239,57.18
118.625,3.786,3.983,-0.239,57.18
118.71900000004098,3.786,3.983,-0.239,57.18
118.82799999997951,3.786,3.983,-0.239,57.18
118.92200000002049,3.786,3.983,-0.239,57.18
119.03100000019185,3.786,3.983,-0.239,57.18
119.14100000006147,3.786,3.983,-0.239,57.18
119.23400000017136,3.786,3.983,-0.239,57.18
119.43800000008196,3.786,3.983,-0.239,57.18
119.54700000002049,3.786,3.983,-0.239,57.18
119.64100000006147,3.786,3.983,-0.239,57.18
119.75,3.786,3.983,-0.239,57.18
119.84400000004098,3.786,3.983,-0.239,57.18
119.95299999997951,3.786,3.983,-0.239,57.18
120.04700000002049,3.786,3.983,-0.239,57.18
120.25,3.786,3.983,-0.239,57.18
120.35900000017136,3.786,3.983,-0.239,57.18
120.45299999997951,3.786,3.983,-0.239,57.18
120.56300000008196,3.786,3.983,-0.239,57.18
120.67200000002049,3.786,3.983,-0.239,57.18
120.76600000006147,3.786,3.983,-0.239,57.18
120.875,3.786,3.983,-0.239,57.18
121.07799999997951,3.786,3.983,-0.239,57.18
121.17200000002049,3.786,3.983,-0.239,57.18
121.26600000006147,3.786,3.983,-0.239,57.18
121.375,3.786,3.983,-0.239,57.18
121.48400000017136,3.786,3.983,-0.239,57.18
121.57799999997951,3.786,3.983,-0.239,57.18
121.68800000008196,3.786,3.983,-0.239,57.18
121.89100000006147,3.786,3.983,-0.239,57.18
121.98400000017136,3.786,3.983,-0.239,57.18
122.09400000004098,3.786,3.983,-0.239,57.18
122.18800000008196,3.786,3.983,-0.239,57.18
122.29700000002049,3.786,3.983,-0.239,57.18
122.39100000006147,3.786,3.983,-0.239,57.18
122.59400000004098,3.786,3.983,-0.239,57.18
122.68800000008196,3.786,3.983,-0.239,57.18
122.79700000002049,3.786,3.983,-0.239,57.18
122.89100000006147,3.786,3.983,-0.239,57.18
123.09400000004098,3.786,3.983,-0.239,57.18
123.20299999997951,3.786,3.983,-0.239,57.18
123.29700000002049,3.786,3.983,-0.239,57.18
123.40600000019185,3.786,3.983,-0.239,57.18
123.5,3.786,3.983,-0.239,57.18
123.60900000017136,3.786,3.983,-0.239,57.18
123.81300000008196,3.786,3.983,-0.239,57.18
123.92200000002049,3.786,3.983,-0.239,57.18
124.01600000006147,3.786,3.983,-0.239,57.18
124.125,3.786,3.983,-0.239,57.18
124.21900000004098,3.786,3.983,-0.239,57.18
124.32799999997951,3.786,3.983,-0.239,57.18
124.42200000002049,3.786,3.983,-0.239,57.18
124.625,3.786,3.983,-0.239,57.18
124.73400000017136,3.786,3.983,-0.239,57.18
124.82799999997951,3.786,3.983,-0.239,57.18
124.93800000008196,3.786,3.983,-0.239,57.18
125.03100000019185,3.786,3.983,-0.239,57.18
125.14100000006147,3.786,3.983,-0.239,57.18
125.34400000004098,3.786,3.983,-0.239,57.18
125.43800000008196,3.786,3.983,-0.239,57.18
125.54700000002049,3.786,3.983,-0.239,57.18
125.64100000006147,3.786,3.983,-0.239,57.18
125.75,3.786,3.983,-0.239,57.18
125.84400000004098,3.786,3.983,-0.239,57.18
125.95299999997951,3.786,3.983,-0.239,57.18
126.15600000019185,3.786,3.983,-0.239,57.18
126.25,3.786,3.983,-0.239,57.18
126.35900000017136,3.786,3.983,-0.239,57.18
126.45299999997951,3.786,3.983,-0.239,57.18
126.56300000008196,3.786,3.983,-0.239,57.18
126.65600000019185,3.786,3.983,-0.239,57.18
126.76600000006147,3.786,3.983,-0.239,57.18
126.96900000004098,3.786,3.983,-0.239,57.18
127.06300000008196,3.786,3.983,-0.239,57.18
127.17200000002049,3.786,3.983,-0.239,57.18
127.26600000006147,3.786,3.983,-0.239,57.18
127.375,3.786,3.983,-0.239,57.18
127.46900000004098,3.786,3.983,-0.239,57.18
127.57799999997951,3.786,3.983,-0.239,57.18
127.67200000002049,3.786,3.983,-0.239,57.18
127.875,3.786,3.983,-0.239,57.18
127.98400000017136,3.786,3.983,-0.239,57.18
128.0779999999795,3.786,3.983,-0.239,57.18
128.18800000008196,3.786,3.983,-0.239,57.18
128.28100000019185,3.786,3.983,-0.239,57.18
128.39100000006147,3.786,3.983,-0.239,57.18
128.48400000017136,3.786,3.983,-0.239,57.18
128.68800000008196,3.786,3.983,-0.239,57.18
128.7970000000205,3.786,3.983,-0.239,57.18
128.89100000006147,3.786,3.983,-0.239,57.18
129.0,3.786,3.983,-0.239,57.18
129.09400000004098,3.786,3.983,-0.239,57.18
129.2029999999795,3.786,3.983,-0.239,57.18
129.2970000000205,3.786,3.983,-0.239,57.18
129.5,3.786,3.983,-0.239,57.18
129.60900000017136,3.786,3.983,-0.239,57.18
129.7029999999795,3.786,3.983,-0.239,57.18
129.81300000008196,3.786,3.983,-0.239,57.18
129.90600000019185,3.786,3.983,-0.239,57.18
130.01600000006147,3.786,3.983,-0.239,57.18
130.21900000004098,3.786,3.983,-0.239,57.18
130.31300000008196,3.786,3.983,-0.239,57.18
130.4220000000205,3.786,3.983,-0.239,57.18
130.51600000006147,3.786,3.983,-0.239,57.18
130.625,3.786,3.983,-0.239,57.18
130.73400000017136,3.786,3.983,-0.239,57.18
130.93800000008196,3.786,3.983,-0.239,57.18
131.03100000019185,3.786,3.983,-0.239,57.18
131.14100000006147,3.786,3.983,-0.239,57.18
131.23400000017136,3.786,3.983,-0.239,57.18
131.34400000004098,3.786,3.983,-0.239,57.18
131.5470000000205,3.786,3.983,-0.239,57.18
131.64100000006147,3.786,3.983,-0.239,57.18
131.75,3.786,3.983,-0.239,57.18
131.84400000004098,3.786,3.983,-0.239,57.18
131.9529999999795,3.786,3.983,-0.239,57.18
132.15600000019185,3.786,3.983,-0.239,57.18
132.26600000006147,3.786,3.983,-0.239,57.18
132.35900000017136,3.786,3.983,-0.239,57.18
132.46900000004098,3.786,3.983,-0.239,57.18
132.5779999999795,3.786,3.983,-0.239,57.18
132.68800000008196,3.786,3.983,-0.239,57.18
132.89100000006147,3.786,3.983,-0.239,57.18
132.98400000017136,3.786,3.983,-0.239,57.18
133.09400000004098,3.786,3.983,-0.239,57.18
133.18800000008196,3.786,3.983,-0.239,57.18
133.2970000000205,3.786,3.983,-0.239,57.18
133.39100000006147,3.786,3.983,-0.239,57.18
133.59400000004098,3.786,3.983,-0.239,57.18
133.7029999999795,3.786,3.983,-0.239,57.18
133.7970000000205,3.786,3.983,-0.239,57.18
133.90600000019185,3.786,3.983,-0.239,57.18
134.0,3.786,3.983,-0.239,57.18
134.10900000017136,3.786,3.983,-0.239,57.18
134.2029999999795,3.786,3.983,-0.239,57.18
134.40600000019185,3.786,3.983,-0.239,57.18
134.51600000006147,3.786,3.983,-0.239,57.18
134.60900000017136,3.786,3.983,-0.239,57.18
134.71900000004098,3.786,3.983,-0.239,57.18
134.81300000008196,3.786,3.983,-0.239,57.18
134.9220000000205,3.786,3.983,-0.239,57.18
135.03100000019185,3.786,3.983,-0.239,57.18
135.23400000017136,3.786,3.983,-0.239,57.18
135.3279999999795,3.786,3.983,-0.239,57.18
135.43800000008196,3.786,3.983,-0.239,57.18
135.53100000019185,3.786,3.983,-0.239,57.18
135.64100000006147,3.786,3.983,-0.239,57.18
135.73400000017136,3.786,3.983,-0.239,57.18
135.84400000004098,3.786,3.983,-0.239,57.18
136.0470000000205,3.786,3.983,-0.239,57.18
136.14100000006147,3.786,3.983,-0.239,57.18
136.25,3.786,3.983,-0.239,57.18
136.35900000017136,3.786,3.983,-0.239,57.18
136.4529999999795,3.786,3.983,-0.239,57.18
136.56300000008196,3.786,3.983,-0.239,57.18
136.65600000019185,3.786,3.983,-0.239,57.18
136.76600000006147,3.786,3.983,-0.239,57.18
136.96900000004098,3.786,3.983,-0.239,57.18
137.06300000008196,3.786,3.983,-0.239,57.18
137.1720000000205,3.786,3.983,-0.239,57.18
137.28100000019185,3.786,3.983,-0.239,57.18
137.375,3.786,3.983,-0.239,57.18
137.48400000017136,3.786,3.983,-0.239,57.18
137.5779999999795,3.786,3.983,-0.239,57.18
137.68800000008196,3.786,3.983,-0.239,57.18
137.89100000006147,3.786,3.983,-0.239,57.18
137.98400000017136,3.786,3.983,-0.239,57.18
138.0779999999795,3.786,3.983,-0.239,57.18
138.18800000008196,3.786,3.983,-0.239,57.18
138.28100000019185,3.786,3.983,-0.239,57.18
138.39100000006147,3.786,3.983,-0.239,57.18
138.5,3.786,3.983,-0.239,57.18
138.7029999999795,3.786,3.983,-0.239,57.18
138.7970000000205,3.786,3.983,-0.239,57.18
138.89100000006147,3.786,3.983,-0.239,57.18
139.0,3.786,3.983,-0.239,57.18
139.09400000004098,3.786,3.983,-0.239,57.18
139.2029999999795,3.786,3.983,-0.239,57.18
139.31300000008196,3.786,3.983,-0.239,57.18
139.40600000019185,3.786,3.983,-0.239,57.18
139.60900000017136,3.786,3.983,-0.239,57.18
139.71900000004098,3.786,3.983,-0.239,57.18
139.81300000008196,3.786,3.983,-0.239,57.18
139.9220000000205,3.786,3.983,-0.239,57.18
140.01600000006147,3.786,3.983,-0.239,57.18
140.125,3.786,3.983,-0.239,57.18
140.21900000004098,3.786,3.983,-0.239,57.18
140.4220000000205,3.786,3.983,-0.239,57.18
140.53100000019185,3.786,3.983,-0.239,57.18
140.625,3.786,3.983,-0.239,57.18
140.73400000017136,3.786,3.983,-0.239,57.18
140.8279999999795,3.786,3.983,-0.239,57.18
140.93800000008196,3.786,3.983,-0.239,57.18
141.14100000006147,3.786,3.983,-0.239,57.18
141.23400000017136,3.786,3.983,-0.239,57.18
141.3279999999795,3.786,3.983,-0.239,57.18
141.43800000008196,3.786,3.983,-0.239,57.18
141.53100000019185,3.786,3.983,-0.239,57.18
141.64100000006147,3.786,3.983,-0.239,57.18
141.75,3.786,3.983,-0.239,57.18
141.9529999999795,3.786,3.983,-0.239,57.18
142.0470000000205,3.786,3.983,-0.239,57.18
142.15600000019185,3.786,3.983,-0.239,57.18
142.35900000017136,3.786,3.983,-0.239,57.18
142.4529999999795,3.786,3.983,-0.239,57.18
142.56300000008196,3.786,3.983,-0.239,57.18
142.6720000000205,3.786,3.983,-0.239,57.18
142.76600000006147,3.786,3.983,-0.239,57.18
142.96900000004098,3.786,3.983,-0.239,57.18
143.0779999999795,3.786,3.983,-0.239,57.18
143.1720000000205,3.786,3.983,-0.239,57.18
143.28100000019185,3.786,3.983,-0.239,57.18
143.39100000006147,3.786,3.983,-0.239,57.18
143.48400000017136,3.786,3.983,-0.239,57.18
143.68800000008196,3.786,3.983,-0.239,57.18
143.7970000000205,3.786,3.983,-0.239,57.18
143.89100000006147,3.786,3.983,-0.239,57.18
144.0,3.786,3.983,-0.239,57.18
144.09400000004098,3.786,3.983,-0.239,57.18
144.2029999999795,3.786,3.983,-0.239,57.18
144.31300000008196,3.786,3.983,-0.239,57.18
144.51600000006147,3.786,3.983,-0.239,57.18
144.60900000017136,3.786,3.983,-0.239,57.18
144.71900000004098,3.786,3.983,-0.239,57.18
144.81300000008196,3.786,3.983,-0.239,57.18
144.9220000000205,3.786,3.983,-0.239,57.18
145.01600000006147,3.786,3.983,-0.239,57.18
145.125,3.786,3.983,-0.239,57.18
145.3279999999795,3.786,3.983,-0.239,57.18
145.4220000000205,3.786,3.983,-0.239,57.18
145.53100000019185,3.786,3.983,-0.239,57.18
145.625,3.786,3.983,-0.239,57.18
145.73400000017136,3.786,3.983,-0.239,57.18
145.8279999999795,3.786,3.983,-0.239,57.18
145.93800000008196,3.786,3.983,-0.239,57.18
146.0470000000205,3.786,3.983,-0.239,57.18
146.25,3.786,3.983,-0.239,57.18
146.34400000004098,3.786,3.983,-0.239,57.18
146.4529999999795,3.786,3.983,-0.239,57.18
146.5470000000205,3.786,3.983,-0.239,57.18
146.65600000019185,3.786,3.983,-0.239,57.18
146.75,3.786,3.983,-0.239,57.18
146.85900000017136,3.786,3.983,-0.239,57.18
146.9529999999795,3.786,3.983,-0.239,57.18
147.06300000008196,3.786,3.983,-0.239,57.18
147.15600000019185,3.786,3.983,-0.239,57.18
147.26600000006147,3.786,3.983,-0.239,57.18
147.35900000017136,3.786,3.983,-0.239,57.18
147.46900000004098,3.786,3.983,-0.239,57.18
147.56300000008196,3.786,3.983,-0.239,57.18
147.6720000000205,3.786,3.983,-0.239,57.18
147.875,3.786,3.983,-0.239,57.18
147.96900000004098,3.786,3.983,-0.239,57.18
148.06300000008196,3.786,3.983,-0.239,57.18
148.1720000000205,3.786,3.983,-0.239,57.18
148.26600000006147,3.786,3.983,-0.239,57.18
148.375,3.786,3.983,-0.239,57.18
148.46900000004098,3.786,3.983,-0.239,57.18
148.5779999999795,3.786,3.983,-0.239,57.18
148.78100000019185,3.786,3.983,-0.239,57.18
148.875,3.786,3.983,-0.239,57.18
148.98400000017136,3.786,3.983,-0.239,57.18
149.0779999999795,3.786,3.983,-0.239,57.18
149.18800000008196,3.786,3.983,-0.239,57.18
149.28100000019185,3.786,3.983,-0.239,57.18
149.39100000006147,3.786,3.983,-0.239,57.18
149.59400000004098,3.786,3.983,-0.239,57.18
149.68800000008196,3.786,3.983,-0.239,57.18
149.7970000000205,3.786,3.983,-0.239,57.18
149.89100000006147,3.786,3.983,-0.239,57.18
150.0,3.786,3.983,-0.239,57.18
150.09400000004098,3.786,3.983,-0.239,57.18
150.2029999999795,3.786,3.983,-0.239,57.18
150.40600000019185,3.786,3.983,-0.239,57.18
150.5,3.786,3.983,-0.239,57.18
150.60900000017136,3.786,3.983,-0.239,57.18
150.7029999999795,3.786,3.983,-0.239,57.18
150.81300000008196,3.786,3.983,-0.239,57.18
150.90600000019185,3.786,3.983,-0.239,57.18
151.01600000006147,3.786,3.983,-0.239,57.18
151.10900000017136,3.786,3.983,-0.239,57.18
151.31300000008196,3.786,3.983,-0.239,57.18
151.4220000000205,3.786,3.983,-0.239,57.18
151.51600000006147,3.786,3.983,-0.239,57.18
151.625,3.786,3.983,-0.239,57.18
151.71900000004098,3.786,3.983,-0.239,57.18
151.8279999999795,3.786,3.983,-0.239,57.18
151.9220000000205,3.786,3.983,-0.239,57.18
152.125,3.786,3.983,-0.239,57.18
152.23400000017136,3.786,3.983,-0.239,57.18
152.34400000004098,3.786,3.983,-0.239,57.18
152.43800000008196,3.786,3.983,-0.239,57.18
152.5470000000205,3.786,3.983,-0.239,57.18
152.75,3.786,3.983,-0.239,57.18
152.85900000017136,3.786,3.983,-0.239,57.18
152.96900000004098,3.786,3.983,-0.239,57.19
153.06300000008196,3.786,3.983,-0.239,57.19
153.1720000000205,3.786,3.983,-0.239,57.19
153.28100000019185,3.786,3.983,-0.239,57.19
153.46900000004098,3.786,3.983,-0.239,57.19
153.5779999999795,3.786,3.983,-0.239,57.19
153.68800000008196,3.786,3.983,-0.239,57.19
153.78100000019185,3.786,3.983,-0.239,57.19
153.89100000006147,3.786,3.983,-0.239,57.19
153.98400000017136,3.786,3.983,-0.239,57.19
154.18800000008196,3.786,3.983,-0.239,57.19
154.2970000000205,3.786,3.983,-0.239,57.19
154.39100000006147,3.786,3.983,-0.239,57.19
154.5,3.786,3.983,-0.239,57.19
154.59400000004098,3.786,3.983,-0.239,57.19
154.7970000000205,3.786,3.983,-0.239,57.19
154.90600000019185,3.786,3.983,-0.239,57.19
155.0,3.786,3.983,-0.239,57.19
155.10900000017136,3.786,3.983,-0.239,57.19
155.2029999999795,3.786,3.983,-0.239,57.19
155.40600000019185,3.786,3.983,-0.239,57.19
155.51600000006147,3.786,3.983,-0.239,57.19
155.60900000017136,3.786,3.983,-0.239,57.19
155.71900000004098,3.786,3.983,-0.239,57.19
155.81300000008196,3.786,3.983,-0.239,57.19
156.01600000006147,3.786,3.983,-0.239,57.19
156.125,3.786,3.983,-0.239,57.19
156.21900000004098,3.786,3.983,-0.239,57.19
156.3279999999795,3.786,3.983,-0.239,57.19
156.43800000008196,3.786,3.983,-0.239,57.19
156.625,3.786,3.983,-0.239,57.19
156.73400000017136,3.786,3.983,-0.239,57.19
156.8279999999795,3.786,3.983,-0.239,57.19
156.93800000008196,3.786,3.983,-0.239,57.19
157.03100000019185,3.786,3.983,-0.239,57.19
157.14100000006147,3.786,3.983,-0.239,57.19
157.23400000017136,3.786,3.983,-0.239,57.19
157.43800000008196,3.786,3.983,-0.239,57.19
157.5470000000205,3.786,3.983,-0.239,57.19
157.64100000006147,3.786,3.983,-0.239,57.19
157.75,3.786,3.983,-0.239,57.19
157.84400000004098,3.786,3.983,-0.239,57.19
157.9529999999795,3.786,3.983,-0.239,57.19
158.15600000019185,3.786,3.983,-0.239,57.19
158.25,3.786,3.983,-0.239,57.19
158.35900000017136,3.786,3.983,-0.239,57.19
158.4529999999795,3.786,3.983,-0.239,57.19
158.65600000019185,3.786,3.983,-0.239,57.19
158.75,3.786,3.983,-0.239,57.19
158.85900000017136,3.786,3.983,-0.239,57.19
158.96900000004098,3.786,3.983,-0.239,57.19
159.06300000008196,3.786,3.983,-0.239,57.19
159.26600000006147,3.786,3.983,-0.239,57.19
159.375,3.786,3.983,-0.239,57.19
159.46900000004098,3.786,3.983,-0.239,57.19
159.5779999999795,3.786,3.983,-0.239,57.19
159.6720000000205,3.786,3.983,-0.239,57.19
159.875,3.786,3.983,-0.239,57.19
159.98400000017136,3.786,3.983,-0.239,57.19
160.0779999999795,3.786,3.983,-0.239,57.19
160.18800000008196,3.786,3.983,-0.239,57.19
160.28100000019185,3.786,3.983,-0.239,57.19
160.48400000017136,3.786,3.983,-0.239,57.19
160.59400000004098,3.786,3.983,-0.239,57.19
160.68800000008196,3.786,3.983,-0.239,57.19
160.7970000000205,3.786,3.983,-0.239,57.19
160.90600000019185,3.786,3.983,-0.239,57.19
161.10900000017136,3.786,3.983,-0.239,57.19
161.2029999999795,3.786,3.983,-0.239,57.19
161.31300000008196,3.786,3.983,-0.239,57.19
161.40600000019185,3.786,3.983,-0.239,57.19
161.51600000006147,3.786,3.983,-0.239,57.19
161.71900000004098,3.786,3.983,-0.239,57.19
161.8279999999795,3.786,3.983,-0.239,57.19
161.9220000000205,3.786,3.983,-0.239,57.19
162.03100000019185,3.786,3.983,-0.239,57.19
162.23400000017136,3.786,3.983,-0.239,57.19
162.3279999999795,3.786,3.983,-0.239,57.19
162.43800000008196,3.786,3.983,-0.239,57.19
162.64100000006147,3.786,3.983,-0.239,57.19
162.73400000017136,3.786,3.983,-0.239,57.19
162.84400000004098,3.786,3.983,-0.239,57.19
162.93800000008196,3.786,3.983,-0.239,57.19
163.0470000000205,3.786,3.983,-0.239,57.19
163.25,3.786,3.983,-0.239,57.19
163.35900000017136,3.786,3.983,-0.239,57.19
163.4529999999795,3.786,3.983,-0.239,57.19
163.56300000008196,3.786,3.983,-0.239,57.19
163.65600000019185,3.786,3.983,-0.239,57.19
163.76600000006147,3.786,3.983,-0.239,57.19
163.96900000004098,3.786,3.983,-0.239,57.19
164.0779999999795,3.786,3.983,-0.239,57.19
164.1720000000205,3.786,3.983,-0.239,57.19
164.28100000019185,3.786,3.983,-0.239,57.19
164.375,3.786,3.983,-0.239,57.19
164.48400000017136,3.786,3.983,-0.239,57.19
164.68800000008196,3.786,3.983,-0.239,57.19
164.78100000019185,3.786,3.983,-0.239,57.19
164.89100000006147,3.786,3.983,-0.239,57.19
164.98400000017136,3.786,3.983,-0.239,57.19
165.09400000004098,3.786,3.983,-0.239,57.19
165.2029999999795,3.786,3.983,-0.239,57.19
165.40600000019185,3.786,3.983,-0.239,57.19
165.5,3.786,3.983,-0.239,57.19
165.60900000017136,3.786,3.983,-0.239,57.19
165.7029999999795,3.786,3.983,-0.239,57.19
165.81300000008196,3.786,3.983,-0.239,57.19
165.90600000019185,3.786,3.983,-0.239,57.19
166.01600000006147,3.786,3.983,-0.239,57.19
166.21900000004098,3.786,3.983,-0.239,57.19
166.31300000008196,3.786,3.983,-0.239,57.19
166.4220000000205,3.786,3.983,-0.239,57.19
166.51600000006147,3.786,3.983,-0.239,57.19
166.625,3.786,3.983,-0.239,57.19
166.71900000004098,3.786,3.983,-0.239,57.19
166.9220000000205,3.786,3.983,-0.239,57.19
167.03100000019185,3.786,3.983,-0.239,57.19
167.125,3.786,3.983,-0.239,57.19
167.23400000017136,3.786,3.983,-0.239,57.19
167.3279999999795,3.786,3.983,-0.239,57.19
167.43800000008196,3.786,3.983,-0.239,57.19
167.53100000019185,3.786,3.983,-0.239,57.19
167.73400000017136,3.786,3.983,-0.239,57.19
167.8279999999795,3.786,3.983,-0.239,57.19
167.93800000008196,3.786,3.983,-0.239,57.19
168.03100000019185,3.786,3.983,-0.239,57.19
168.14100000006147,3.786,3.983,-0.239,57.19
168.25,3.786,3.983,-0.239,57.19
168.34400000004098,3.786,3.983,-0.239,57.19
168.5470000000205,3.786,3.983,-0.239,57.19
168.64100000006147,3.786,3.983,-0.239,57.19
168.75,3.786,3.983,-0.239,57.19
168.84400000004098,3.786,3.983,-0.239,57.19
168.9529999999795,3.786,3.983,-0.239,57.19
169.0470000000205,3.786,3.983,-0.239,57.19
169.25,3.786,3.983,-0.239,57.19
169.35900000017136,3.786,3.983,-0.239,57.19
169.4529999999795,3.786,3.983,-0.239,57.19
169.56300000008196,3.786,3.983,-0.239,57.19
169.6720000000205,3.786,3.983,-0.239,57.19
169.76600000006147,3.786,3.983,-0.239,57.19
169.875,3.786,3.983,-0.239,57.19
169.96900000004098,3.786,3.983,-0.239,57.19
170.1720000000205,3.786,3.983,-0.239,57.19
170.28100000019185,3.786,3.983,-0.239,57.19
170.375,3.786,3.983,-0.239,57.19
170.48400000017136,3.786,3.983,-0.239,57.19
170.59400000004098,3.786,3.983,-0.239,57.19
170.68800000008196,3.786,3.983,-0.239,57.19
170.7970000000205,3.786,3.983,-0.239,57.19
171.0,3.786,3.983,-0.239,57.19
171.09400000004098,3.786,3.983,-0.239,57.19
171.2029999999795,3.786,3.983,-0.239,57.19
171.2970000000205,3.786,3.983,-0.239,57.19
171.40600000019185,3.786,3.983,-0.239,57.19
171.5,3.786,3.983,-0.239,57.19
171.7029999999795,3.786,3.983,-0.239,57.19
171.81300000008196,3.786,3.983,-0.239,57.19
171.90600000019185,3.786,3.983,-0.239,57.19
172.01600000006147,3.786,3.983,-0.239,57.19
172.10900000017136,3.786,3.983,-0.239,57.19
172.21900000004098,3.786,3.983,-0.239,57.19
172.4220000000205,3.786,3.983,-0.239,57.19
172.51600000006147,3.786,3.983,-0.239,57.19
172.625,3.786,3.983,-0.239,57.19
172.71900000004098,3.786,3.983,-0.239,57.19
172.9220000000205,3.786,3.983,-0.239,57.19
173.03100000019185,3.786,3.983,-0.239,57.19
173.125,3.786,3.983,-0.239,57.19
173.23400000017136,3.786,3.983,-0.239,57.19
173.3279999999795,3.786,3.983,-0.239,57.19
173.53100000019185,3.786,3.983,-0.239,57.19
173.64100000006147,3.786,3.983,-0.239,57.19
173.73400000017136,3.786,3.983,-0.239,57.19
173.84400000004098,3.786,3.983,-0.239,57.19
173.93800000008196,3.786,3.983,-0.239,57.19
174.0470000000205,3.786,3.983,-0.239,57.19
174.25,3.786,3.983,-0.239,57.19
174.34400000004098,3.786,3.983,-0.239,57.19
174.43800000008196,3.786,3.983,-0.239,57.19
174.5470000000205,3.786,3.983,-0.239,57.19
174.64100000006147,3.786,3.983,-0.239,57.19
174.84400000004098,3.786,3.983,-0.239,57.19
174.9529999999795,3.786,3.983,-0.239,57.19
175.0470000000205,3.786,3.983,-0.239,57.19
175.15600000019185,3.786,3.983,-0.239,57.19
175.25,3.786,3.983,-0.239,57.19
175.35900000017136,3.786,3.983,-0.239,57.19
175.56300000008196,3.786,3.983,-0.239,57.19
175.65600000019185,3.786,3.983,-0.239,57.19
175.76600000006147,3.786,3.983,-0.239,57.19
175.85900000017136,3.786,3.983,-0.239,57.19
175.96900000004098,3.786,3.983,-0.239,57.19
176.1720000000205,3.786,3.983,-0.239,57.19
176.26600000006147,3.786,3.983,-0.239,57.19
176.375,3.786,3.983,-0.239,57.19
176.46900000004098,3.786,3.983,-0.239,57.19
176.5779999999795,3.786,3.983,-0.239,57.19
176.6720000000205,3.786,3.983,-0.239,57.19
176.875,3.786,3.983,-0.239,57.19
176.98400000017136,3.786,3.983,-0.239,57.19
177.0779999999795,3.786,3.983,-0.239,57.19
177.18800000008196,3.786,3.983,-0.239,57.19
177.2970000000205,3.786,3.983,-0.239,57.19
177.48400000017136,3.786,3.983,-0.239,57.19
177.59400000004098,3.786,3.983,-0.239,57.19
177.68800000008196,3.786,3.983,-0.239,57.19
177.7970000000205,3.786,3.983,-0.239,57.19
177.89100000006147,3.786,3.983,-0.239,57.19
178.0,3.786,3.983,-0.239,57.19
178.2029999999795,3.786,3.983,-0.239,57.19
178.2970000000205,3.786,3.983,-0.239,57.19
178.40600000019185,3.786,3.983,-0.239,57.19
178.5,3.786,3.983,-0.239,57.19
178.60900000017136,3.786,3.983,-0.239,57.19
178.71900000004098,3.786,3.983,-0.239,57.19
178.90600000019185,3.786,3.983,-0.239,57.19
179.01600000006147,3.786,3.983,-0.239,57.19
179.10900000017136,3.786,3.983,-0.239,57.19
179.21900000004098,3.786,3.983,-0.239,57.19
179.3279999999795,3.786,3.983,-0.239,57.19
179.4220000000205,3.786,3.983,-0.239,57.19
179.625,3.786,3.983,-0.239,57.19
179.73400000017136,3.786,3.983,-0.239,57.19
179.8279999999795,3.786,3.983,-0.239,57.19
179.9220000000205,3.786,3.983,-0.239,57.19
180.03100000019185,3.786,3.983,-0.239,57.19
180.23400000017136,3.786,3.983,-0.239,57.19
180.3279999999795,3.786,3.983,-0.239,57.19
180.43800000008196,3.786,3.983,-0.239,57.19
180.5470000000205,3.786,3.983,-0.239,57.19
180.64100000006147,3.786,3.983,-0.239,57.19
180.75,3.786,3.983,-0.239,57.19
180.84400000004098,3.786,3.983,-0.239,57.19
181.0470000000205,3.786,3.983,-0.239,57.19
181.15600000019185,3.786,3.983,-0.239,57.19
181.25,3.786,3.983,-0.239,57.19
181.35900000017136,3.786,3.983,-0.239,57.19
181.46900000004098,3.786,3.983,-0.239,57.19
181.56300000008196,3.786,3.983,-0.239,57.19
181.76600000006147,3.786,3.983,-0.239,57.19
181.875,3.786,3.983,-0.239,57.19
181.96900000004098,3.786,3.983,-0.239,57.19
182.0779999999795,3.786,3.983,-0.239,57.19
182.28100000019185,3.786,3.983,-0.239,57.19
182.39100000006147,3.786,3.983,-0.239,57.19
182.59400000004098,3.786,3.983,-0.239,57.19
182.7029999999795,3.786,3.983,-0.239,57.19
182.7970000000205,3.786,3.983,-0.239,57.19
182.90600000019185,3.786,3.983,-0.239,57.19
183.10900000017136,3.786,3.983,-0.239,57.19
183.21900000004098,3.786,3.983,-0.239,57.19
183.31300000008196,3.786,3.983,-0.239,57.19
183.4220000000205,3.786,3.983,-0.239,57.19
183.51600000006147,3.786,3.983,-0.239,57.19
183.625,3.786,3.983,-0.239,57.19
183.8279999999795,3.786,3.983,-0.239,57.19
183.93800000008196,3.786,3.983,-0.239,57.19
184.03100000019185,3.786,3.983,-0.239,57.19
184.14100000006147,3.786,3.983,-0.239,57.19
184.25,3.786,3.983,-0.239,57.19
184.34400000004098,3.786,3.983,-0.239,57.19
184.4529999999795,3.786,3.983,-0.239,57.19
184.5470000000205,3.786,3.983,-0.239,57.19
184.75,3.786,3.983,-0.239,57.19
184.85900000017136,3.786,3.983,-0.239,57.19
184.96900000004098,3.786,3.983,-0.239,57.19
185.06300000008196,3.786,3.983,-0.239,57.19
185.1720000000205,3.786,3.983,-0.239,57.19
185.26600000006147,3.786,3.983,-0.239,57.19
185.46900000004098,3.786,3.983,-0.239,57.19
185.5779999999795,3.786,3.983,-0.239,57.19
185.6720000000205,3.786,3.983,-0.239,57.19
185.78100000019185,3.786,3.983,-0.239,57.19
185.875,3.786,3.983,-0.239,57.19
185.98400000017136,3.786,3.983,-0.239,57.19
186.09400000004098,3.786,3.983,-0.239,57.19
186.2970000000205,3.786,3.983,-0.239,57.19
186.39100000006147,3.786,3.983,-0.239,57.19
186.5,3.786,3.983,-0.239,57.19
186.59400000004098,3.786,3.983,-0.239,57.19
186.7029999999795,3.786,3.983,-0.239,57.19
186.81300000008196,3.786,3.983,-0.239,57.19
187.0,3.786,3.983,-0.239,57.19
187.10900000017136,3.786,3.983,-0.239,57.19
187.21900000004098,3.786,3.983,-0.239,57.19
187.31300000008196,3.786,3.983,-0.239,57.19
187.4220000000205,3.786,3.983,-0.239,57.19
187.51600000006147,3.786,3.983,-0.239,57.19
187.625,3.786,3.983,-0.239,57.19
187.8279999999795,3.786,3.983,-0.239,57.19
187.9220000000205,3.786,3.983,-0.239,57.19
188.03100000019185,3.786,3.983,-0.239,57.19
188.125,3.786,3.983,-0.239,57.19
188.23400000017136,3.786,3.983,-0.239,57.19
188.3279999999795,3.786,3.983,-0.239,57.19
188.43800000008196,3.786,3.983,-0.239,57.19
188.64100000006147,3.786,3.983,-0.239,57.19
188.73400000017136,3.786,3.983,-0.239,57.19
188.84400000004098,3.786,3.983,-0.239,57.19
188.9529999999795,3.786,3.983,-0.239,57.19
189.0470000000205,3.786,3.983,-0.239,57.19
189.15600000019185,3.786,3.983,-0.239,57.19
189.35900000017136,3.786,3.983,-0.239,57.19
189.4529999999795,3.786,3.983,-0.239,57.19
189.56300000008196,3.786,3.983,-0.239,57.19
189.65600000019185,3.786,3.983,-0.239,57.19
189.76600000006147,3.786,3.983,-0.239,57.19
189.85900000017136,3.786,3.983,-0.239,57.19
190.06300000008196,3.786,3.983,-0.239,57.19
190.1720000000205,3.786,3.983,-0.239,57.19
190.26600000006147,3.786,3.983,-0.239,57.19
190.375,3.786,3.983,-0.239,57.19
190.46900000004098,3.786,3.983,-0.239,57.19
190.5779999999795,3.786,3.983,-0.239,57.19
190.78100000019185,3.786,3.983,-0.239,57.19
190.875,3.786,3.983,-0.239,57.19
190.98400000017136,3.786,3.983,-0.239,57.19
191.0779999999795,3.786,3.983,-0.239,57.19
191.18800000008196,3.786,3.983,-0.239,57.19
191.28100000019185,3.786,3.983,-0.239,57.19
191.48400000017136,3.786,3.983,-0.239,57.19
191.59400000004098,3.786,3.983,-0.239,57.19
191.68800000008196,3.786,3.983,-0.239,57.19
191.7970000000205,3.786,3.983,-0.239,57.19
191.89100000006147,3.786,3.983,-0.239,57.19
192.09400000004098,3.786,3.983,-0.239,57.19
192.2029999999795,3.786,3.983,-0.239,57.19
192.40600000019185,3.786,3.983,-0.239,57.19
192.5,3.786,3.983,-0.239,57.19
192.60900000017136,3.786,3.983,-0.239,57.19
192.71900000004098,3.786,3.983,-0.239,57.19
192.81300000008196,3.786,3.983,-0.239,57.19
193.01600000006147,3.786,3.983,-0.239,57.19
193.125,3.786,3.983,-0.239,57.19
193.21900000004098,3.786,3.983,-0.239,57.19
193.3279999999795,3.786,3.983,-0.239,57.19
193.43800000008196,3.786,3.983,-0.239,57.19
193.53100000019185,3.786,3.983,-0.239,57.19
193.64100000006147,3.786,3.983,-0.239,57.19
193.84400000004098,3.786,3.983,-0.239,57.19
193.93800000008196,3.786,3.983,-0.239,57.19
194.0470000000205,3.786,3.983,-0.239,57.19
194.14100000006147,3.786,3.983,-0.239,57.19
194.25,3.786,3.983,-0.239,57.19
194.35900000017136,3.786,3.983,-0.239,57.19
194.4529999999795,3.786,3.983,-0.239,57.19
194.65600000019185,3.786,3.983,-0.239,57.19
194.75,3.786,3.983,-0.239,57.19
194.85900000017136,3.786,3.983,-0.239,57.19
194.96900000004098,3.786,3.983,-0.239,57.19
195.06300000008196,3.786,3.983,-0.239,57.19
195.1720000000205,3.786,3.983,-0.239,57.19
195.375,3.786,3.983,-0.239,57.19
195.46900000004098,3.786,3.983,-0.239,57.19
195.5779999999795,3.786,3.983,-0.239,57.19
195.68800000008196,3.786,3.983,-0.239,57.19
195.78100000019185,3.786,3.983,-0.239,57.19
195.89100000006147,3.786,3.983,-0.239,57.19
195.98400000017136,3.786,3.983,-0.239,57.19
196.18800000008196,3.786,3.983,-0.239,57.19
196.2970000000205,3.786,3.983,-0.239,57.19
196.39100000006147,3.786,3.983,-0.239,57.19
196.5,3.786,3.983,-0.239,57.19
196.59400000004098,3.786,3.983,-0.239,57.19
196.7029999999795,3.786,3.983,-0.239,57.19
196.90600000019185,3.786,3.983,-0.239,57.19
197.0,3.786,3.983,-0.239,57.19
197.10900000017136,3.786,3.983,-0.239,57.19
197.2029999999795,3.786,3.983,-0.239,57.19
197.31300000008196,3.786,3.983,-0.239,57.19
197.40600000019185,3.786,3.983,-0.239,57.19
197.60900000017136,3.786,3.983,-0.239,57.19
197.71900000004098,3.786,3.983,-0.239,57.19
197.81300000008196,3.786,3.983,-0.239,57.19
197.9220000000205,3.786,3.983,-0.239,57.19
198.03100000019185,3.786,3.983,-0.239,57.19
198.125,3.786,3.983,-0.239,57.19
198.23400000017136,3.786,3.983,-0.239,57.19
198.43800000008196,3.786,3.983,-0.239,57.19
198.53100000019185,3.786,3.983,-0.239,57.19
198.625,3.786,3.983,-0.239,57.19
198.73400000017136,3.786,3.983,-0.239,57.19
198.8279999999795,3.786,3.983,-0.239,57.19
198.93800000008196,3.786,3.983,-0.239,57.19
199.14100000006147,3.786,3.983,-0.239,57.19
199.23400000017136,3.786,3.983,-0.239,57.19
199.34400000004098,3.786,3.983,-0.239,57.19
199.4529999999795,3.786,3.983,-0.239,57.19
199.56300000008196,3.786,3.983,-0.239,57.19
199.65600000019185,3.786,3.983,-0.239,57.19
199.76600000006147,3.786,3.983,-0.239,57.19
199.875,3.786,3.983,-0.239,57.19
